Title,Media URL,Pinterest board,Thumbnail,Description,Link,Publish date,Keywords
Is Interestprint cheap? Where Interestprint beats other print-on-demand suppliers,https://podpricing.com/assets/pins/maker-interestprint.png,Print on Demand Price Comparisons,,"Interestprint ranks #1 for blankets & throws, #1 for posters & art prints, #2 for framed prints, #2 for tapestries among print-on-demand suppliers on price (print included). See Interestprint's full price list compared with other POD suppliers, updated twice a day.",https://podpricing.com/manufacturer/interestprint/,2026-11-05T15:00:00,"Interestprint, Interestprint review, Interestprint prices, print on demand supplier, POD"
Is BurgerPrints cheap? Where BurgerPrints beats other print-on-demand suppliers,https://podpricing.com/assets/pins/maker-burgerprints.png,Print on Demand Price Comparisons,,"BurgerPrints ranks #1 for sweatshirts, #1 for hoodies, #1 for t-shirts, #2 for kids clothing among print-on-demand suppliers on price (print included). See BurgerPrints's full price list compared with other POD suppliers, updated twice a day.",https://podpricing.com/manufacturer/burgerprints/,2026-11-05T21:00:00,"BurgerPrints, BurgerPrints review, BurgerPrints prices, print on demand supplier, POD"
Is SimplePrint cheap? Where SimplePrint beats other print-on-demand suppliers,https://podpricing.com/assets/pins/maker-simpleprint.png,Print on Demand Price Comparisons,,"SimplePrint ranks #1 for tank tops, #2 for t-shirts, #3 for kids clothing, #3 for sweatshirts among print-on-demand suppliers on price (print included). See SimplePrint's full price list compared with other POD suppliers, updated twice a day.",https://podpricing.com/manufacturer/simpleprint/,2026-11-06T15:00:00,"SimplePrint, SimplePrint review, SimplePrint prices, print on demand supplier, POD"
Choosing a print-on-demand supplier: 5 costs to check first,https://podpricing.com/assets/pins/guide-five-costs.png,Print on Demand Price Comparisons,,"Before you choose a print-on-demand supplier, compare the real cost: base price with print, extra print areas, shipping, production time and marketplace fees. Free profit calculator with Etsy, Shopify and Amazon fees.",https://podpricing.com/profit-calculator/,2026-11-06T21:00:00,"print on demand tips, Etsy seller tips, POD business, print on demand pricing"
Is Printdoors cheap? Where Printdoors beats other print-on-demand suppliers,https://podpricing.com/assets/pins/maker-printdoors.png,Print on Demand Price Comparisons,,"Printdoors ranks #1 for framed prints, #1 for rugs & doormats, #2 for mugs, #3 for tapestries among print-on-demand suppliers on price (print included). See Printdoors's full price list compared with other POD suppliers, updated twice a day.",https://podpricing.com/manufacturer/printdoors/,2026-11-07T15:00:00,"Printdoors, Printdoors review, Printdoors prices, print on demand supplier, POD"
Is Inkedjoy cheap? Where Inkedjoy beats other print-on-demand suppliers,https://podpricing.com/assets/pins/maker-inkedjoy.png,Print on Demand Price Comparisons,,"Inkedjoy ranks #1 for glasses & cups, #1 for canvas prints among print-on-demand suppliers on price (print included). See Inkedjoy's full price list compared with other POD suppliers, updated twice a day.",https://podpricing.com/manufacturer/inkedjoy/,2026-11-07T21:00:00,"Inkedjoy, Inkedjoy review, Inkedjoy prices, print on demand supplier, POD"
Is Merchize cheap? Where Merchize beats other print-on-demand suppliers,https://podpricing.com/assets/pins/maker-merchize.png,Print on Demand Price Comparisons,,"Merchize ranks #1 for kids clothing, #3 for t-shirts among print-on-demand suppliers on price (print included). See Merchize's full price list compared with other POD suppliers, updated twice a day.",https://podpricing.com/manufacturer/merchize/,2026-11-08T15:00:00,"Merchize, Merchize review, Merchize prices, print on demand supplier, POD"
How to price a print-on-demand t-shirt on Etsy (with real numbers),https://podpricing.com/assets/pins/guide-price-a-tshirt.png,Print on Demand Price Comparisons,,"Pricing a POD t-shirt on Etsy: a Gildan 5000 costs $4.35 to $14.76 with print depending on the supplier, Etsy fees are about $2.82 on a $24.99 sale. See your profit for every supplier.",https://podpricing.com/profit-calculator/?p=gildan-5000,2026-11-08T21:00:00,"print on demand tips, Etsy seller tips, POD business, print on demand pricing"
Save on every POD order: compare the same blank across suppliers,https://podpricing.com/assets/pins/guide-same-blank.png,Print on Demand Price Comparisons,,The same blank costs very different amounts at different print-on-demand suppliers: a Gildan 5000 is $4.35 to $14.76 with print. Compare the exact model across 65 suppliers.,https://podpricing.com/compare/gildan-5000/,2026-11-09T15:00:00,"print on demand tips, Etsy seller tips, POD business, print on demand pricing"
